{"train_acc": 46.875, "train_loss": 1.5366027355194092, "val_acc": 45.81218338012695, "val_loss": 1.375543236732483, "step": 50, "_timestamp": 1706441347.1868114, "_runtime": 10.556041479110718, "_step": 4, "_wandb": {"runtime": 10}}