{"train_acc": 74.0625, "train_loss": 0.841269850730896, "val_acc": 78.68020629882812, "val_loss": 0.6410958170890808, "step": 50, "_timestamp": 1706442598.5493474, "_runtime": 10.525468349456787, "_step": 4, "_wandb": {"runtime": 10}}