{"train_acc": 76.25, "train_loss": 0.7821062207221985, "val_acc": 65.86294555664062, "val_loss": 1.008571982383728, "step": 50, "_timestamp": 1706443949.3509178, "_runtime": 13.170050859451294, "_step": 4, "_wandb": {"runtime": 12}}