{"train_acc": 67.1875, "train_loss": 0.9652255773544312, "val_acc": 69.28933715820312, "val_loss": 0.8682851195335388, "step": 50, "_timestamp": 1706442087.3770497, "_runtime": 10.843428611755371, "_step": 4, "_wandb": {"runtime": 10}}