{"train_acc": 62.8125, "train_loss": 1.0681562423706055, "val_acc": 72.71573638916016, "val_loss": 0.698764979839325, "step": 50, "_timestamp": 1706442153.3191924, "_runtime": 10.720825433731079, "_step": 4, "_wandb": {"runtime": 10}}