{"train_acc": 59.375, "train_loss": 1.1245250701904297, "val_acc": 70.81218719482422, "val_loss": 0.864762544631958, "step": 50, "_timestamp": 1706442021.257242, "_runtime": 10.427988052368164, "_step": 4, "_wandb": {"runtime": 10}}