{"train_acc": 67.1875, "train_loss": 0.9478276371955872, "val_acc": 71.82740783691406, "val_loss": 0.8211932182312012, "step": 50, "_timestamp": 1706444119.020898, "_runtime": 10.413292169570923, "_step": 4, "_wandb": {"runtime": 10}}