{"train_acc": 86.875, "train_loss": 0.3405611515045166, "val_acc": 78.68020629882812, "val_loss": 0.5038084983825684, "step": 500, "_timestamp": 1706400610.7195842, "_runtime": 73.4902663230896, "_step": 49, "_wandb": {"runtime": 72}}