{"train_acc": 65.9375, "train_loss": 0.9260454177856445, "val_acc": 78.04568481445312, "val_loss": 0.6291578412055969, "step": 50, "_timestamp": 1706444069.946731, "_runtime": 10.378635168075562, "_step": 4, "_wandb": {"runtime": 10}}